"","iso3","country","year","Price.Paid..USDm.","length","Band.Paired","bandwidth","price","dollar_per_mhz","dollar_per_mhz_per_single_year","Cluster","population","dollar_per_mhz_per_pop_per_single_year","metric"
"1","AFG","Afghanistan",2012,"25",15,2100,20,2.5e+07,1250000,83333.3333333333,"C1",37172386,0.002241807489391,"Capacity Spectrum"
"2","AFG","Afghanistan",2013,"25",15,2100,20,2.5e+07,1250000,83333.3333333333,"C1",37172386,0.002241807489391,"Capacity Spectrum"
"3","AFG","Afghanistan",2012,"25",15,2100,20,2.5e+07,1250000,83333.3333333333,"C1",37172386,0.002241807489391,"Capacity Spectrum"
"4","AFG","Afghanistan",2014,"25",15,2100,20,2.5e+07,1250000,83333.3333333333,"C1",37172386,0.002241807489391,"Capacity Spectrum"
"5","AFG","Afghanistan",2012,"25",15,2100,20,2.5e+07,1250000,83333.3333333333,"C1",37172386,0.002241807489391,"Capacity Spectrum"
"6","ALB","Albania",2016,"2.4",15,2100,20,2400000,120000,8000,"C4",2866376,0.00279098066687692,"Capacity Spectrum"
"7","ALB","Albania",2012,"5.21",15,2100,30,5210000,173666.666666667,11577.7777777778,"C4",2866376,0.00403916924289688,"Capacity Spectrum"
"8","ALB","Albania",2015,"3.21",15,2600,40,3210000,80250,5350,"C4",2866376,0.00186646832097394,"Capacity Spectrum"
"9","ALB","Albania",2011,"21.3",15,2100,30,21300000,710000,47333.3333333333,"C4",2866376,0.0165133022790218,"Capacity Spectrum"
"10","ALB","Albania",2016,"2.4",15,2600,40,2400000,60000,4000,"C4",2866376,0.00139549033343846,"Capacity Spectrum"
"11","ALB","Albania",2015,"3.5",15,2600,40,3500000,87500,5833.33333333333,"C4",2866376,0.00203509006959775,"Capacity Spectrum"
"12","ALB","Albania",2010,"43.79",15,2100,30,43790000,1459666.66666667,97311.1111111111,"C4",2866376,0.0339491787229279,"Capacity Spectrum"
"13","ALB","Albania",2019,"8.4",15,800,20,8400000,420000,28000,"C4",2866376,0.00976843233406922,"Coverage Spectrum"
"14","ALB","Albania",2019,"8.4",15,800,20,8400000,420000,28000,"C4",2866376,0.00976843233406922,"Coverage Spectrum"
"15","ARG","Argentina",2017,"23.3",15,2600,30,23300000,776666.666666667,51777.7777777778,"C6",44494502,0.00116368934251198,"Capacity Spectrum"
"16","ARG","Argentina",2014,"209.14",15,1700,20,209140000,10457000,697133.333333333,"C6",44494502,0.0156678533750829,"Capacity Spectrum"
"17","ARG","Argentina",2014,"410.78",15,1700,30,410780000,13692666.6666667,912844.444444444,"C6",44494502,0.0205158930522347,"Capacity Spectrum"
"18","ARG","Argentina",2014,"281.487",15,1700,20,281487000,14074350,938290,"C6",44494502,0.0210877739456439,"Capacity Spectrum"
"19","ARM","Armenia",2010,"1.367",9,2600,40,1367000,34175,3797.22222222222,"C4",2951776,0.00128641950548491,"Capacity Spectrum"
"41","BGR","Bulgaria",2011,"11.9",10,1800,10,11900000,1190000,119000,"C6",7025037,0.0169394125611011,"Capacity Spectrum"
"42","BLR","Belarus",2010,"12.9",7,2100,30,12900000,430000,61428.5714285714,"C5",9483499,0.00647741634480812,"Capacity Spectrum"
"43","BRA","Brazil",2007,"45",15,1800,30,4.5e+07,1500000,1e+05,"C6",209469333,0.000477396851213538,"Capacity Spectrum"
"44","BRA","Brazil",2012,"165",15,2600,20,1.65e+08,8250000,550000,"C6",209469333,0.00262568268167446,"Capacity Spectrum"
"45","BRA","Brazil",2012,"325",15,2600,40,3.25e+08,8125000,541666.666666667,"C6",209469333,0.00258589961074,"Capacity Spectrum"
"46","BRA","Brazil",2012,"170",15,2600,20,1.7e+08,8500000,566666.666666667,"C6",209469333,0.00270524882354338,"Capacity Spectrum"
"47","BRA","Brazil",2012,"420",15,2600,40,4.2e+08,10500000,7e+05,"C6",209469333,0.00334177795849476,"Capacity Spectrum"
"80","COD","Congo (the Democratic Republic of the)",2012,"15",15,2100,20,1.5e+07,750000,50000,"C1",84068091,0.000594755981790998,"Capacity Spectrum"
"81","COD","Congo (the Democratic Republic of the)",2012,"15",15,2100,20,1.5e+07,750000,50000,"C1",84068091,0.000594755981790998,"Capacity Spectrum"
"82","COD","Congo (the Democratic Republic of the)",2012,"15",15,2100,20,1.5e+07,750000,50000,"C1",84068091,0.000594755981790998,"Capacity Spectrum"
"83","COD","Congo (the Democratic Republic of the)",2018,"20",20,800,10,2e+07,2e+06,1e+05,"C1",84068091,0.001189511963582,"Coverage Spectrum"
"84","COL","Colombia",2019,"290.1",20,700,20,290100000,14505000,725250,"C5",49648685,0.0146076376443807,"Coverage Spectrum"
"85","COL","Colombia",2019,"736",20,700,40,7.36e+08,18400000,920000,"C5",49648685,0.0185301987353744,"Coverage Spectrum"
"86","COL","Colombia",2011,"49.15",10,1900,30,49150000,1638333.33333333,163833.333333333,"C5",49648685,0.00329985241972337,"Capacity Spectrum"
"87","COL","Colombia",2019,"195",20,2500,30,1.95e+08,6500000,325000,"C5",49648685,0.00654599411847464,"Capacity Spectrum"
"88","COL","Colombia",2013,"102",10,1700,30,1.02e+08,3400000,340000,"C5",49648685,0.0068481169239427,"Capacity Spectrum"
"89","COL","Colombia",2013,"56",10,1700,30,5.6e+07,1866666.66666667,186666.666666667,"C5",49648685,0.00375975046804697,"Capacity Spectrum"
"90","COL","Colombia",2013,"103",10,1700,30,1.03e+08,3433333.33333333,343333.333333333,"C5",49648685,0.00691525532515782,"Capacity Spectrum"
"91","COL","Colombia",2013,"38.92",10,2600,30,38920000,1297333.33333333,129733.333333333,"C5",49648685,0.00261302657529265,"Capacity Spectrum"
"92","COL","Colombia",2013,"62",10,2600,30,6.2e+07,2066666.66666667,206666.666666667,"C5",49648685,0.00416258087533772,"Capacity Spectrum"
"93","COL","Colombia",2019,"290.4",20,700,20,290400000,14520000,726000,"C5",49648685,0.0146227437846541,"Coverage Spectrum"
"113","DZA","Algeria",2013,"38.2",15,2100,30,38200000,1273333.33333333,84888.8888888889,"C5",42228429,0.00201023080657083,"Capacity Spectrum"
"114","DZA","Algeria",2013,"63.6",15,2100,30,63600000,2120000,141333.333333333,"C5",42228429,0.00334687642141111,"Capacity Spectrum"
"115","DZA","Algeria",2013,"63.6",15,2100,30,63600000,2120000,141333.333333333,"C5",42228429,0.00334687642141111,"Capacity Spectrum"
"116","DZA","Algeria",2016,"34.7",15,1800,20,34700000,1735000,115666.666666667,"C5",42228429,0.00273907103356051,"Capacity Spectrum"
"117","DZA","Algeria",2016,"17.3",15,1800,20,17300000,865000,57666.6666666667,"C5",42228429,0.00136558872854746,"Capacity Spectrum"
"118","DZA","Algeria",2016,"43.4",15,1800,20,43400000,2170000,144666.666666667,"C5",42228429,0.00342581218606704,"Capacity Spectrum"
"119","ECU","Ecuador",2015,"150",8,1900,50,1.5e+08,3e+06,375000,"C5",17084357,0.0219499042311045,"Capacity Spectrum"
"120","EGY","Egypt",2007,"599",15,2100,20,5.99e+08,29950000,1996666.66666667,"C2",98423595,0.0202864634914694,"Capacity Spectrum"
"121","EGY","Egypt",2016,"335",15,2100,10,3.35e+08,33500000,2233333.33333333,"C2",98423595,0.0226910359587387,"Capacity Spectrum"
"122","EGY","Egypt",2016,"403",15,1800,20,4.03e+08,20150000,1343333.33333333,"C2",98423595,0.0136484887930921,"Capacity Spectrum"
"123","EGY","Egypt",2006,"2930",15,2100,20,2.93e+09,146500000,9766666.66666667,"C2",98423595,0.0992309482971707,"Capacity Spectrum"
"124","EGY","Egypt",2016,"268",15,1800,10,2.68e+08,26800000,1786666.66666667,"C2",98423595,0.018152828766991,"Capacity Spectrum"
"125","EGY","Egypt",2016,"242",15,1800,10,2.42e+08,24200000,1613333.33333333,"C2",98423595,0.01639173343885,"Capacity Spectrum"
"126","EGY","Egypt",2016,"403",15,700,10,4.03e+08,40300000,2686666.66666667,"C2",98423595,0.0272969775861841,"Coverage Spectrum"
"127","EGY","Egypt",2016,"242",15,2100,10,2.42e+08,24200000,1613333.33333333,"C2",98423595,0.01639173343885,"Capacity Spectrum"
"128","EGY","Egypt",2016,"268",15,900,10,2.68e+08,26800000,1786666.66666667,"C2",98423595,0.018152828766991,"Coverage Spectrum"
"129","EGY","Egypt",2007,"586",15,2100,20,5.86e+08,29300000,1953333.33333333,"C2",98423595,0.0198461896594341,"Capacity Spectrum"
"156","FJI","Fiji",2013,"0.463",15,1800,30,463000,15433.3333333333,1028.88888888889,"C4",883483,0.00116458255437726,"Capacity Spectrum"
"173","GEO","Georgia",2006,"8.7",10,2100,30,8700000,290000,29000,"C4",3726549,0.00778199884128721,"Capacity Spectrum"
"174","GEO","Georgia",2018,"9.3",15,800,10,9300000,930000,62000,"C4",3726549,0.0166373768330968,"Coverage Spectrum"
"175","GEO","Georgia",2006,"6.4",10,2100,30,6400000,213333.333333333,21333.3333333333,"C4",3726549,0.00572468880278599,"Capacity Spectrum"
"176","GEO","Georgia",2016,"10.2",15,800,10,10200000,1020000,68000,"C4",3726549,0.0182474455588803,"Coverage Spectrum"
"177","GEO","Georgia",2015,"20.4",15,800,20,20400000,1020000,68000,"C4",3726549,0.0182474455588803,"Coverage Spectrum"
"178","GHA","Ghana",2008,"25",15,1800,30,2.5e+07,833333.333333333,55555.5555555556,"C2",29767108,0.00186634037661823,"Capacity Spectrum"
"179","GHA","Ghana",2015,"67.5",15,800,20,67500000,3375000,225000,"C2",29767108,0.00755867852530384,"Coverage Spectrum"
"180","GHA","Ghana",2008,"25",15,900,10,2.5e+07,2500000,166666.666666667,"C2",29767108,0.00559902112985469,"Coverage Spectrum"
"191","HND","Honduras",2013,"12.06",20,1700,40,12060000,301500,15075,"C2",9587522,0.00157235623553198,"Capacity Spectrum"
"192","HND","Honduras",2013,"12.05",20,1700,40,12050000,301250,15062.5,"C2",9587522,0.0015710524575589,"Capacity Spectrum"
"207","IND","India",2014,"27",20,1800,0.6,2.7e+07,4.5e+07,2250000,"C3",1352617328,0.00166344165006882,"Capacity Spectrum"
"208","IND","India",2015,"2",20,1800,2,2e+06,1e+06,50000,"C3",1352617328,3.69653700015294e-05,"Capacity Spectrum"
"209","IND","India",2015,"26",20,900,2.4,2.6e+07,10833333.3333333,541666.666666667,"C3",1352617328,0.000400458175016568,"Coverage Spectrum"
"210","IND","India",2014,"127",20,1800,10,1.27e+08,12700000,635000,"C3",1352617328,0.000469460199019423,"Capacity Spectrum"
"211","IND","India",2010,"21",20,2100,10,2.1e+07,2100000,105000,"C3",1352617328,7.76272770032117e-05,"Capacity Spectrum"
"212","IND","India",2012,"35",20,1800,10,3.5e+07,3500000,175000,"C3",1352617328,0.000129378795005353,"Capacity Spectrum"
"213","IND","India",2016,"346",20,2100,10,3.46e+08,34600000,1730000,"C3",1352617328,0.00127900180205292,"Capacity Spectrum"
"214","IND","India",2016,"10",20,1800,10,1e+07,1e+06,50000,"C3",1352617328,3.69653700015294e-05,"Capacity Spectrum"
"215","IND","India",2015,"13",20,1800,2,1.3e+07,6500000,325000,"C3",1352617328,0.000240274905009941,"Capacity Spectrum"
"216","IND","India",2015,"20",20,1800,2.4,2e+07,8333333.33333333,416666.666666667,"C3",1352617328,0.000308044750012745,"Capacity Spectrum"
"217","IND","India",2012,"167",20,1800,10,1.67e+08,16700000,835000,"C3",1352617328,0.00061732167902554,"Capacity Spectrum"
"218","IND","India",2012,"167",20,1800,10,1.67e+08,16700000,835000,"C3",1352617328,0.00061732167902554,"Capacity Spectrum"
"219","IND","India",2008,"8",20,2100,10,8e+06,8e+05,40000,"C3",1352617328,2.95722960012235e-05,"Capacity Spectrum"
"220","IND","India",2014,"171",20,1800,10,1.71e+08,17100000,855000,"C3",1352617328,0.000632107827026152,"Capacity Spectrum"
"221","IND","India",2014,"608",20,900,10,6.08e+08,60800000,3040000,"C3",1352617328,0.00224749449609299,"Coverage Spectrum"
"222","IND","India",2015,"7",20,1800,0.6,7e+06,11666666.6666667,583333.333333333,"C3",1352617328,0.000431262650017843,"Capacity Spectrum"
"223","IND","India",2016,"8",20,1800,0.6,8e+06,13333333.3333333,666666.666666667,"C3",1352617328,0.000492871600020392,"Capacity Spectrum"
"224","IND","India",2015,"268",20,2100,10,2.68e+08,26800000,1340000,"C3",1352617328,0.000990671916040987,"Capacity Spectrum"
"225","IND","India",2010,"70",20,2100,10,7e+07,7e+06,350000,"C3",1352617328,0.000258757590010706,"Capacity Spectrum"
"226","IND","India",2010,"70",20,2100,10,7e+07,7e+06,350000,"C3",1352617328,0.000258757590010706,"Capacity Spectrum"
"227","IND","India",2015,"351",20,1800,20,3.51e+08,17550000,877500,"C3",1352617328,0.00064874224352684,"Capacity Spectrum"
"228","IND","India",2016,"65",20,2100,10,6.5e+07,6500000,325000,"C3",1352617328,0.000240274905009941,"Capacity Spectrum"
"229","IND","India",2010,"319",20,2100,10,3.19e+08,31900000,1595000,"C3",1352617328,0.00117919530304879,"Capacity Spectrum"
"230","IND","India",2010,"274",20,2100,10,2.74e+08,27400000,1370000,"C3",1352617328,0.0010128511380419,"Capacity Spectrum"
"231","IND","India",2016,"252",20,800,10,2.52e+08,25200000,1260000,"C3",1352617328,0.00093152732403854,"Coverage Spectrum"
"232","IND","India",2012,"214",20,1800,10,2.14e+08,21400000,1070000,"C3",1352617328,0.000791058918032728,"Capacity Spectrum"
"233","IND","India",2016,"30",20,1800,10,3e+07,3e+06,150000,"C3",1352617328,0.000110896110004588,"Capacity Spectrum"
"234","IND","India",2016,"41",20,2100,10,4.1e+07,4100000,205000,"C3",1352617328,0.00015155801700627,"Capacity Spectrum"
"235","IND","India",2008,"44",20,2100,10,4.4e+07,4400000,220000,"C3",1352617328,0.000162647628006729,"Capacity Spectrum"
"236","IND","India",2015,"36",20,2100,10,3.6e+07,3600000,180000,"C3",1352617328,0.000133075332005506,"Capacity Spectrum"
"237","IND","India",2016,"29",20,2100,10,2.9e+07,2900000,145000,"C3",1352617328,0.000107199573004435,"Capacity Spectrum"
"238","IND","India",2010,"68",20,2100,10,6.8e+07,6800000,340000,"C3",1352617328,0.0002513645160104,"Capacity Spectrum"
"239","IND","India",2012,"228",20,1800,10,2.28e+08,22800000,1140000,"C3",1352617328,0.000842810436034869,"Capacity Spectrum"
"240","IND","India",2010,"274",20,2100,10,2.74e+08,27400000,1370000,"C3",1352617328,0.0010128511380419,"Capacity Spectrum"
"241","IND","India",2015,"29",20,1800,2,2.9e+07,14500000,725000,"C3",1352617328,0.000535997865022176,"Capacity Spectrum"
"242","IND","India",2010,"21",20,2100,10,2.1e+07,2100000,105000,"C3",1352617328,7.76272770032117e-05,"Capacity Spectrum"
"243","IND","India",2012,"7",20,1800,10,7e+06,7e+05,35000,"C3",1352617328,2.58757590010706e-05,"Capacity Spectrum"
"244","IND","India",2014,"238",20,1800,10,2.38e+08,23800000,1190000,"C3",1352617328,0.000879775806036399,"Capacity Spectrum"
"245","IND","India",2012,"80",20,1800,10,8e+07,8e+06,4e+05,"C3",1352617328,0.000295722960012235,"Capacity Spectrum"
"246","IND","India",2016,"35",20,1800,10,3.5e+07,3500000,175000,"C3",1352617328,0.000129378795005353,"Capacity Spectrum"
"247","IND","India",2012,"196",20,1800,10,1.96e+08,19600000,980000,"C3",1352617328,0.000724521252029975,"Capacity Spectrum"
"248","IND","India",2016,"105",20,2100,10,1.05e+08,10500000,525000,"C3",1352617328,0.000388136385016058,"Capacity Spectrum"
"249","IND","India",2014,"5",20,1800,0.6,5e+06,8333333.33333333,416666.666666667,"C3",1352617328,0.000308044750012745,"Capacity Spectrum"
"250","IND","India",2016,"35",20,1800,10,3.5e+07,3500000,175000,"C3",1352617328,0.000129378795005353,"Capacity Spectrum"
"251","IND","India",2008,"344",20,2100,10,3.44e+08,34400000,1720000,"C3",1352617328,0.00127160872805261,"Capacity Spectrum"
"252","IND","India",2014,"3",20,1800,0.8,3e+06,3750000,187500,"C3",1352617328,0.000138620137505735,"Capacity Spectrum"
"253","IND","India",2016,"1",20,1800,0.6,1e+06,1666666.66666667,83333.3333333333,"C3",1352617328,6.16089500025489e-05,"Capacity Spectrum"
"254","IND","India",2015,"21",20,1800,0.6,2.1e+07,3.5e+07,1750000,"C3",1352617328,0.00129378795005353,"Capacity Spectrum"
"255","IND","India",2012,"57",20,1800,10,5.7e+07,5700000,285000,"C3",1352617328,0.000210702609008717,"Capacity Spectrum"
"256","IND","India",2010,"299",20,2100,10,2.99e+08,29900000,1495000,"C3",1352617328,0.00110526456304573,"Capacity Spectrum"
"257","IND","India",2014,"16",20,1800,0.6,1.6e+07,26666666.6666667,1333333.33333333,"C3",1352617328,0.000985743200040783,"Capacity Spectrum"
"258","IND","India",2010,"112",20,2100,10,1.12e+08,11200000,560000,"C3",1352617328,0.000414012144017129,"Capacity Spectrum"
"259","IND","India",2016,"47",20,1800,10,4.7e+07,4700000,235000,"C3",1352617328,0.000173737239007188,"Capacity Spectrum"
"260","IND","India",2014,"60",20,1800,10,6e+07,6e+06,3e+05,"C3",1352617328,0.000221792220009176,"Capacity Spectrum"
"261","IND","India",2010,"274",20,2100,10,2.74e+08,27400000,1370000,"C3",1352617328,0.0010128511380419,"Capacity Spectrum"
"262","IND","India",2008,"79",20,2100,10,7.9e+07,7900000,395000,"C3",1352617328,0.000292026423012082,"Capacity Spectrum"
"263","IND","India",2010,"112",20,2100,10,1.12e+08,11200000,560000,"C3",1352617328,0.000414012144017129,"Capacity Spectrum"
"264","IND","India",2010,"9",20,2100,10,9e+06,9e+05,45000,"C3",1352617328,3.32688330013764e-05,"Capacity Spectrum"
"265","IND","India",2015,"71",20,2100,10,7.1e+07,7100000,355000,"C3",1352617328,0.000262454127010858,"Capacity Spectrum"
"266","IND","India",2015,"70",20,2100,10,7e+07,7e+06,350000,"C3",1352617328,0.000258757590010706,"Capacity Spectrum"
"267","IND","India",2010,"27",20,2100,10,2.7e+07,2700000,135000,"C3",1352617328,9.98064990041293e-05,"Capacity Spectrum"
"268","IND","India",2015,"235",20,2100,10,2.35e+08,23500000,1175000,"C3",1352617328,0.00086868619503594,"Capacity Spectrum"
"269","IND","India",2015,"201",20,2100,10,2.01e+08,20100000,1005000,"C3",1352617328,0.00074300393703074,"Capacity Spectrum"
"270","IND","India",2015,"90",20,2100,10,9e+07,9e+06,450000,"C3",1352617328,0.000332688330013764,"Capacity Spectrum"
"271","IND","India",2015,"576",20,900,10,5.76e+08,57600000,2880000,"C3",1352617328,0.00212920531208809,"Coverage Spectrum"
"272","IND","India",2015,"531",20,900,10,5.31e+08,53100000,2655000,"C3",1352617328,0.00196286114708121,"Coverage Spectrum"
"273","IND","India",2010,"56",20,2100,10,5.6e+07,5600000,280000,"C3",1352617328,0.000207006072008564,"Capacity Spectrum"
"274","IND","India",2014,"36",20,1800,0.6,3.6e+07,6e+07,3e+06,"C3",1352617328,0.00221792220009176,"Capacity Spectrum"
"275","IND","India",2016,"10",20,1800,10,1e+07,1e+06,50000,"C3",1352617328,3.69653700015294e-05,"Capacity Spectrum"
"276","IND","India",2016,"9",20,1800,0.8,9e+06,11250000,562500,"C3",1352617328,0.000415860412517205,"Capacity Spectrum"
"277","IND","India",2008,"234",20,2100,10,2.34e+08,23400000,1170000,"C3",1352617328,0.000864989658035787,"Capacity Spectrum"
"278","IND","India",2008,"119",20,2100,10,1.19e+08,11900000,595000,"C3",1352617328,0.000439887903018199,"Capacity Spectrum"
"279","IND","India",2008,"722",20,2100,10,7.22e+08,72200000,3610000,"C3",1352617328,0.00266889971411042,"Capacity Spectrum"
"280","IND","India",2012,"85",20,1800,10,8.5e+07,8500000,425000,"C3",1352617328,0.000314205645013,"Capacity Spectrum"
"281","IND","India",2015,"4",20,1800,0.6,4e+06,6666666.66666667,333333.333333333,"C3",1352617328,0.000246435800010196,"Capacity Spectrum"
"282","IND","India",2010,"49",20,2100,10,4.9e+07,4900000,245000,"C3",1352617328,0.000181130313007494,"Capacity Spectrum"
"283","IND","India",2012,"80",20,1800,10,8e+07,8e+06,4e+05,"C3",1352617328,0.000295722960012235,"Capacity Spectrum"
"284","IND","India",2016,"12",20,1800,10,1.2e+07,1200000,60000,"C3",1352617328,4.43584440018352e-05,"Capacity Spectrum"
"285","IND","India",2014,"462",20,900,10,4.62e+08,46200000,2310000,"C3",1352617328,0.00170780009407066,"Coverage Spectrum"
"286","IND","India",2014,"43",20,1800,10,4.3e+07,4300000,215000,"C3",1352617328,0.000158951091006576,"Capacity Spectrum"
"287","IND","India",2008,"70",20,2100,10,7e+07,7e+06,350000,"C3",1352617328,0.000258757590010706,"Capacity Spectrum"
"288","IND","India",2016,"105",20,2100,10,1.05e+08,10500000,525000,"C3",1352617328,0.000388136385016058,"Capacity Spectrum"
"289","IND","India",2010,"9",20,2100,10,9e+06,9e+05,45000,"C3",1352617328,3.32688330013764e-05,"Capacity Spectrum"
"290","IND","India",2010,"27",20,2100,10,2.7e+07,2700000,135000,"C3",1352617328,9.98064990041293e-05,"Capacity Spectrum"
"291","IND","India",2014,"127",20,1800,10,1.27e+08,12700000,635000,"C3",1352617328,0.000469460199019423,"Capacity Spectrum"
"292","IND","India",2015,"11",20,1800,2,1.1e+07,5500000,275000,"C3",1352617328,0.000203309535008411,"Capacity Spectrum"
"293","IND","India",2016,"7",20,1800,2,7e+06,3500000,175000,"C3",1352617328,0.000129378795005353,"Capacity Spectrum"
"294","IND","India",2012,"15",20,1800,10,1.5e+07,1500000,75000,"C3",1352617328,5.5448055002294e-05,"Capacity Spectrum"
"295","IND","India",2016,"69",20,1800,10,6.9e+07,6900000,345000,"C3",1352617328,0.000255061053010553,"Capacity Spectrum"
"296","IND","India",2010,"319",20,2100,10,3.19e+08,31900000,1595000,"C3",1352617328,0.00117919530304879,"Capacity Spectrum"
"297","IND","India",2016,"516",20,2100,20,5.16e+08,25800000,1290000,"C3",1352617328,0.000953706546039457,"Capacity Spectrum"
"298","IND","India",2012,"57",20,1800,10,5.7e+07,5700000,285000,"C3",1352617328,0.000210702609008717,"Capacity Spectrum"
"299","IND","India",2012,"35",20,1800,10,3.5e+07,3500000,175000,"C3",1352617328,0.000129378795005353,"Capacity Spectrum"
"300","IND","India",2012,"35",20,1800,10,3.5e+07,3500000,175000,"C3",1352617328,0.000129378795005353,"Capacity Spectrum"
"301","IND","India",2010,"8",20,2100,10,8e+06,8e+05,40000,"C3",1352617328,2.95722960012235e-05,"Capacity Spectrum"
"302","IND","India",2010,"7",20,2100,10,7e+06,7e+05,35000,"C3",1352617328,2.58757590010706e-05,"Capacity Spectrum"
"303","IND","India",2010,"44",20,2100,10,4.4e+07,4400000,220000,"C3",1352617328,0.000162647628006729,"Capacity Spectrum"
"304","IND","India",2010,"344",20,2100,10,3.44e+08,34400000,1720000,"C3",1352617328,0.00127160872805261,"Capacity Spectrum"
"305","IND","India",2010,"299",20,2100,10,2.99e+08,29900000,1495000,"C3",1352617328,0.00110526456304573,"Capacity Spectrum"
"306","IND","India",2010,"44",20,2100,10,4.4e+07,4400000,220000,"C3",1352617328,0.000162647628006729,"Capacity Spectrum"
"307","IND","India",2010,"9",20,2100,10,9e+06,9e+05,45000,"C3",1352617328,3.32688330013764e-05,"Capacity Spectrum"
"308","IND","India",2010,"9",20,2100,10,9e+06,9e+05,45000,"C3",1352617328,3.32688330013764e-05,"Capacity Spectrum"
"309","IND","India",2016,"133",20,2100,10,1.33e+08,13300000,665000,"C3",1352617328,0.000491639421020341,"Capacity Spectrum"
"310","IND","India",2010,"707",20,2100,10,7.07e+08,70700000,3535000,"C3",1352617328,0.00261345165910813,"Capacity Spectrum"
"311","IND","India",2010,"722",20,2100,10,7.22e+08,72200000,3610000,"C3",1352617328,0.00266889971411042,"Capacity Spectrum"
"312","IND","India",2010,"8",20,2100,10,8e+06,8e+05,40000,"C3",1352617328,2.95722960012235e-05,"Capacity Spectrum"
"313","IND","India",2010,"79",20,2100,10,7.9e+07,7900000,395000,"C3",1352617328,0.000292026423012082,"Capacity Spectrum"
"314","IND","India",2010,"70",20,2100,10,7e+07,7e+06,350000,"C3",1352617328,0.000258757590010706,"Capacity Spectrum"
"315","IND","India",2010,"7",20,2100,10,7e+06,7e+05,35000,"C3",1352617328,2.58757590010706e-05,"Capacity Spectrum"
"316","IND","India",2014,"13",20,1800,10,1.3e+07,1300000,65000,"C3",1352617328,4.80549810019882e-05,"Capacity Spectrum"
"317","IND","India",2014,"6",20,1800,10,6e+06,6e+05,30000,"C3",1352617328,2.21792220009176e-05,"Capacity Spectrum"
"318","IND","India",2010,"70",20,2100,10,7e+07,7e+06,350000,"C3",1352617328,0.000258757590010706,"Capacity Spectrum"
"319","IND","India",2010,"70",20,2100,10,7e+07,7e+06,350000,"C3",1352617328,0.000258757590010706,"Capacity Spectrum"
"320","IND","India",2010,"7",20,2100,10,7e+06,7e+05,35000,"C3",1352617328,2.58757590010706e-05,"Capacity Spectrum"
"321","IND","India",2010,"56",20,2100,10,5.6e+07,5600000,280000,"C3",1352617328,0.000207006072008564,"Capacity Spectrum"
"322","IND","India",2010,"44",20,2100,10,4.4e+07,4400000,220000,"C3",1352617328,0.000162647628006729,"Capacity Spectrum"
"323","IND","India",2010,"119",20,2100,10,1.19e+08,11900000,595000,"C3",1352617328,0.000439887903018199,"Capacity Spectrum"
"324","IND","India",2008,"112",20,2100,10,1.12e+08,11200000,560000,"C3",1352617328,0.000414012144017129,"Capacity Spectrum"
"325","IND","India",2015,"26",20,1800,10,2.6e+07,2600000,130000,"C3",1352617328,9.61099620039763e-05,"Capacity Spectrum"
"326","IND","India",2010,"7",20,2100,10,7e+06,7e+05,35000,"C3",1352617328,2.58757590010706e-05,"Capacity Spectrum"
"327","IND","India",2016,"20",20,1800,20,2e+07,1e+06,50000,"C3",1352617328,3.69653700015294e-05,"Capacity Spectrum"
"328","IND","India",2015,"256",20,2100,10,2.56e+08,25600000,1280000,"C3",1352617328,0.000946313472039152,"Capacity Spectrum"
"329","IND","India",2010,"234",20,2100,10,2.34e+08,23400000,1170000,"C3",1352617328,0.000864989658035787,"Capacity Spectrum"
"330","IND","India",2015,"563",20,900,20,5.63e+08,28150000,1407500,"C3",1352617328,0.00104057516554305,"Coverage Spectrum"
"331","IND","India",2010,"9",20,2100,10,9e+06,9e+05,45000,"C3",1352617328,3.32688330013764e-05,"Capacity Spectrum"
"332","IND","India",2010,"9",20,2100,10,9e+06,9e+05,45000,"C3",1352617328,3.32688330013764e-05,"Capacity Spectrum"
"333","IND","India",2008,"49",20,2100,10,4.9e+07,4900000,245000,"C3",1352617328,0.000181130313007494,"Capacity Spectrum"
"334","IND","India",2014,"60",20,1800,10,6e+07,6e+06,3e+05,"C3",1352617328,0.000221792220009176,"Capacity Spectrum"
"335","IND","India",2008,"299",20,2100,10,2.99e+08,29900000,1495000,"C3",1352617328,0.00110526456304573,"Capacity Spectrum"
"336","IND","India",2008,"274",20,2100,10,2.74e+08,27400000,1370000,"C3",1352617328,0.0010128511380419,"Capacity Spectrum"
"337","IND","India",2015,"9",20,2100,10,9e+06,9e+05,45000,"C3",1352617328,3.32688330013764e-05,"Capacity Spectrum"
"338","IND","India",2016,"8",20,2100,10,8e+06,8e+05,40000,"C3",1352617328,2.95722960012235e-05,"Capacity Spectrum"
"339","IND","India",2010,"722",20,2100,10,7.22e+08,72200000,3610000,"C3",1352617328,0.00266889971411042,"Capacity Spectrum"
"340","IND","India",2010,"49",20,2100,10,4.9e+07,4900000,245000,"C3",1352617328,0.000181130313007494,"Capacity Spectrum"
"341","IND","India",2015,"45",20,900,10,4.5e+07,4500000,225000,"C3",1352617328,0.000166344165006882,"Coverage Spectrum"
"342","IND","India",2015,"82",20,2100,10,8.2e+07,8200000,410000,"C3",1352617328,0.000303116034012541,"Capacity Spectrum"
"343","IND","India",2012,"40",20,1800,10,4e+07,4e+06,2e+05,"C3",1352617328,0.000147861480006117,"Capacity Spectrum"
"344","IND","India",2015,"108",20,900,10,1.08e+08,10800000,540000,"C3",1352617328,0.000399225996016517,"Coverage Spectrum"
"345","IND","India",2008,"7",20,2100,10,7e+06,7e+05,35000,"C3",1352617328,2.58757590010706e-05,"Capacity Spectrum"
"346","IND","India",2008,"56",20,2100,10,5.6e+07,5600000,280000,"C3",1352617328,0.000207006072008564,"Capacity Spectrum"
"347","IND","India",2015,"9",20,1800,10,9e+06,9e+05,45000,"C3",1352617328,3.32688330013764e-05,"Capacity Spectrum"
"348","IND","India",2010,"319",20,2100,10,3.19e+08,31900000,1595000,"C3",1352617328,0.00117919530304879,"Capacity Spectrum"
"349","IND","India",2010,"8",20,2100,10,8e+06,8e+05,40000,"C3",1352617328,2.95722960012235e-05,"Capacity Spectrum"
"350","IND","India",2015,"146",20,900,10,1.46e+08,14600000,730000,"C3",1352617328,0.000539694402022329,"Coverage Spectrum"
"351","IND","India",2010,"68",20,2100,10,6.8e+07,6800000,340000,"C3",1352617328,0.0002513645160104,"Capacity Spectrum"
"352","IND","India",2014,"127",20,1800,10,1.27e+08,12700000,635000,"C3",1352617328,0.000469460199019423,"Capacity Spectrum"
"353","IND","India",2016,"174",20,800,10,1.74e+08,17400000,870000,"C3",1352617328,0.000643197438026611,"Coverage Spectrum"
"354","IND","India",2016,"367",20,1800,10,3.67e+08,36700000,1835000,"C3",1352617328,0.00135662907905613,"Capacity Spectrum"
"355","IND","India",2008,"70",20,2100,10,7e+07,7e+06,350000,"C3",1352617328,0.000258757590010706,"Capacity Spectrum"
"356","IND","India",2014,"43",20,1800,10,4.3e+07,4300000,215000,"C3",1352617328,0.000158951091006576,"Capacity Spectrum"
"357","IND","India",2014,"13",20,1800,10,1.3e+07,1300000,65000,"C3",1352617328,4.80549810019882e-05,"Capacity Spectrum"
"358","IND","India",2010,"8",20,2100,10,8e+06,8e+05,40000,"C3",1352617328,2.95722960012235e-05,"Capacity Spectrum"
"359","IND","India",2010,"68",20,2100,10,6.8e+07,6800000,340000,"C3",1352617328,0.0002513645160104,"Capacity Spectrum"
"360","IND","India",2008,"319",20,2100,10,3.19e+08,31900000,1595000,"C3",1352617328,0.00117919530304879,"Capacity Spectrum"
"361","IND","India",2010,"299",20,2100,10,2.99e+08,29900000,1495000,"C3",1352617328,0.00110526456304573,"Capacity Spectrum"
"362","IND","India",2016,"83",20,2100,10,8.3e+07,8300000,415000,"C3",1352617328,0.000306812571012694,"Capacity Spectrum"
"363","IND","India",2010,"79",20,2100,10,7.9e+07,7900000,395000,"C3",1352617328,0.000292026423012082,"Capacity Spectrum"
"364","IND","India",2015,"435",20,900,10,4.35e+08,43500000,2175000,"C3",1352617328,0.00160799359506653,"Coverage Spectrum"
"365","IND","India",2016,"239",20,1800,10,2.39e+08,23900000,1195000,"C3",1352617328,0.000883472343036552,"Capacity Spectrum"
"366","IND","India",2015,"603",20,900,10,6.03e+08,60300000,3015000,"C3",1352617328,0.00222901181109222,"Coverage Spectrum"
"367","IND","India",2010,"70",20,2100,10,7e+07,7e+06,350000,"C3",1352617328,0.000258757590010706,"Capacity Spectrum"
"368","IND","India",2010,"56",20,2100,10,5.6e+07,5600000,280000,"C3",1352617328,0.000207006072008564,"Capacity Spectrum"
"369","IND","India",2015,"116",20,1800,10,1.16e+08,11600000,580000,"C3",1352617328,0.000428798292017741,"Capacity Spectrum"
"370","IND","India",2010,"112",20,2100,10,1.12e+08,11200000,560000,"C3",1352617328,0.000414012144017129,"Capacity Spectrum"
"371","IND","India",2015,"26",20,1800,10,2.6e+07,2600000,130000,"C3",1352617328,9.61099620039763e-05,"Capacity Spectrum"
"372","IND","India",2016,"65",20,2100,10,6.5e+07,6500000,325000,"C3",1352617328,0.000240274905009941,"Capacity Spectrum"
"373","IND","India",2016,"416",20,2100,10,4.16e+08,41600000,2080000,"C3",1352617328,0.00153775939206362,"Capacity Spectrum"
"374","IND","India",2012,"5",20,1800,10,5e+06,5e+05,25000,"C3",1352617328,1.84826850007647e-05,"Capacity Spectrum"
"375","IND","India",2016,"83",20,2100,10,8.3e+07,8300000,415000,"C3",1352617328,0.000306812571012694,"Capacity Spectrum"
"376","IND","India",2010,"44",20,2100,10,4.4e+07,4400000,220000,"C3",1352617328,0.000162647628006729,"Capacity Spectrum"
"377","IND","India",2010,"707",20,2100,10,7.07e+08,70700000,3535000,"C3",1352617328,0.00261345165910813,"Capacity Spectrum"
"378","IND","India",2010,"27",20,2100,10,2.7e+07,2700000,135000,"C3",1352617328,9.98064990041293e-05,"Capacity Spectrum"
"379","IND","India",2016,"68",20,2100,10,6.8e+07,6800000,340000,"C3",1352617328,0.0002513645160104,"Capacity Spectrum"
"380","IND","India",2008,"68",20,2100,10,6.8e+07,6800000,340000,"C3",1352617328,0.0002513645160104,"Capacity Spectrum"
"381","IND","India",2015,"109",20,2100,10,1.09e+08,10900000,545000,"C3",1352617328,0.00040292253301667,"Capacity Spectrum"
"382","IND","India",2010,"49",20,2100,10,4.9e+07,4900000,245000,"C3",1352617328,0.000181130313007494,"Capacity Spectrum"
"383","IND","India",2010,"344",20,2100,10,3.44e+08,34400000,1720000,"C3",1352617328,0.00127160872805261,"Capacity Spectrum"
"384","IND","India",2016,"47",20,1800,10,4.7e+07,4700000,235000,"C3",1352617328,0.000173737239007188,"Capacity Spectrum"
"385","IND","India",2010,"344",20,2100,10,3.44e+08,34400000,1720000,"C3",1352617328,0.00127160872805261,"Capacity Spectrum"
"386","IND","India",2015,"30",20,2100,10,3e+07,3e+06,150000,"C3",1352617328,0.000110896110004588,"Capacity Spectrum"
"387","IND","India",2010,"27",20,2100,10,2.7e+07,2700000,135000,"C3",1352617328,9.98064990041293e-05,"Capacity Spectrum"
"388","IND","India",2010,"119",20,2100,10,1.19e+08,11900000,595000,"C3",1352617328,0.000439887903018199,"Capacity Spectrum"
"389","IND","India",2008,"9",20,2100,10,9e+06,9e+05,45000,"C3",1352617328,3.32688330013764e-05,"Capacity Spectrum"
"390","IND","India",2008,"9",20,2100,10,9e+06,9e+05,45000,"C3",1352617328,3.32688330013764e-05,"Capacity Spectrum"
"391","IND","India",2010,"234",20,2100,10,2.34e+08,23400000,1170000,"C3",1352617328,0.000864989658035787,"Capacity Spectrum"
"392","IND","India",2014,"5",20,1800,2.4,5e+06,2083333.33333333,104166.666666667,"C3",1352617328,7.70111875031862e-05,"Capacity Spectrum"
"393","IND","India",2015,"17",20,1800,0.6,1.7e+07,28333333.3333333,1416666.66666667,"C3",1352617328,0.00104735215004333,"Capacity Spectrum"
"394","IND","India",2010,"722",20,2100,10,7.22e+08,72200000,3610000,"C3",1352617328,0.00266889971411042,"Capacity Spectrum"
"395","IND","India",2008,"27",20,2100,10,2.7e+07,2700000,135000,"C3",1352617328,9.98064990041293e-05,"Capacity Spectrum"
"396","IND","India",2015,"45",20,1800,2.4,4.5e+07,18750000,937500,"C3",1352617328,0.000693100687528675,"Capacity Spectrum"
"397","IND","India",2016,"75",20,1800,10,7.5e+07,7500000,375000,"C3",1352617328,0.00027724027501147,"Capacity Spectrum"
"398","IND","India",2014,"85",20,1800,20,8.5e+07,4250000,212500,"C3",1352617328,0.0001571028225065,"Capacity Spectrum"
"399","IND","India",2016,"256",20,2100,10,2.56e+08,25600000,1280000,"C3",1352617328,0.000946313472039152,"Capacity Spectrum"
"400","IND","India",2010,"70",20,2100,10,7e+07,7e+06,350000,"C3",1352617328,0.000258757590010706,"Capacity Spectrum"
"401","IND","India",2016,"239",20,1800,10,2.39e+08,23900000,1195000,"C3",1352617328,0.000883472343036552,"Capacity Spectrum"
"402","IND","India",2010,"21",20,2100,10,2.1e+07,2100000,105000,"C3",1352617328,7.76272770032117e-05,"Capacity Spectrum"
"403","IND","India",2015,"241",20,900,10,2.41e+08,24100000,1205000,"C3",1352617328,0.000890865417036858,"Coverage Spectrum"
"404","IND","India",2010,"707",20,2100,10,7.07e+08,70700000,3535000,"C3",1352617328,0.00261345165910813,"Capacity Spectrum"
"405","IND","India",2010,"119",20,2100,10,1.19e+08,11900000,595000,"C3",1352617328,0.000439887903018199,"Capacity Spectrum"
"406","IND","India",2014,"608",20,900,10,6.08e+08,60800000,3040000,"C3",1352617328,0.00224749449609299,"Coverage Spectrum"
"407","IND","India",2015,"525",20,900,10,5.25e+08,52500000,2625000,"C3",1352617328,0.00194068192508029,"Coverage Spectrum"
"408","IND","India",2015,"92",20,2100,10,9.2e+07,9200000,460000,"C3",1352617328,0.00034008140401407,"Capacity Spectrum"
"409","IND","India",2016,"105",20,2100,10,1.05e+08,10500000,525000,"C3",1352617328,0.000388136385016058,"Capacity Spectrum"
"410","IND","India",2010,"234",20,2100,10,2.34e+08,23400000,1170000,"C3",1352617328,0.000864989658035787,"Capacity Spectrum"
"411","IND","India",2010,"79",20,2100,10,7.9e+07,7900000,395000,"C3",1352617328,0.000292026423012082,"Capacity Spectrum"
"412","IND","India",2015,"114",20,1800,20,1.14e+08,5700000,285000,"C3",1352617328,0.000210702609008717,"Capacity Spectrum"
"413","IND","India",2008,"21",20,2100,10,2.1e+07,2100000,105000,"C3",1352617328,7.76272770032117e-05,"Capacity Spectrum"
"414","IND","India",2008,"707",20,2100,10,7.07e+08,70700000,3535000,"C3",1352617328,0.00261345165910813,"Capacity Spectrum"
"415","IND","India",2012,"7",20,1800,10,7e+06,7e+05,35000,"C3",1352617328,2.58757590010706e-05,"Capacity Spectrum"
"440","JOR","Jordan",2014,"73.48",5,900,25,73480000,2939200,587840,"C4",9956011,0.0590437274526916,"Coverage Spectrum"
"441","JOR","Jordan",2014,"70.33",15,2100,20,70330000,3516500,234433.333333333,"C4",9956011,0.0235469138526799,"Capacity Spectrum"
"442","JOR","Jordan",2014,"199.75",15,1800,20,199750000,9987500,665833.333333333,"C4",9956011,0.0668775208598437,"Capacity Spectrum"
"443","JOR","Jordan",2012,"70",15,2100,20,7e+07,3500000,233333.333333333,"C4",9956011,0.02343642783574,"Capacity Spectrum"
"444","JOR","Jordan",2018,"55",15,2600,20,5.5e+07,2750000,183333.333333333,"C4",9956011,0.0184143361566528,"Capacity Spectrum"
"445","JOR","Jordan",2016,"147.04",10,900,25,147040000,5881600,588160,"C4",9956011,0.0590758688394378,"Coverage Spectrum"
"446","JOR","Jordan",2016,"35.4",15,2100,10,35400000,3540000,236000,"C4",9956011,0.0237042727252913,"Capacity Spectrum"
"447","JOR","Jordan",2010,"70",15,2100,20,7e+07,3500000,233333.333333333,"C4",9956011,0.02343642783574,"Capacity Spectrum"
"448","JOR","Jordan",2009,"70",15,2100,20,7e+07,3500000,233333.333333333,"C4",9956011,0.02343642783574,"Capacity Spectrum"
"449","JOR","Jordan",2019,"100.1",15,1800,20,100100000,5005000,333666.666666667,"C4",9956011,0.0335140918051082,"Capacity Spectrum"
"450","JOR","Jordan",2015,"99.93",15,1800,20,99930000,4996500,333100,"C4",9956011,0.0334571747660785,"Capacity Spectrum"
"451","JOR","Jordan",2015,"100",15,1800,20,1e+08,5e+06,333333.333333333,"C4",9956011,0.0334806111939142,"Capacity Spectrum"
"452","KEN","Kenya",2018,"25",10,800,20,2.5e+07,1250000,125000,"C2",51393010,0.00243223738014177,"Coverage Spectrum"
"453","KEN","Kenya",2010,"10",15,2100,20,1e+07,5e+05,33333.3333333333,"C2",51393010,0.000648596634704473,"Capacity Spectrum"
"454","KEN","Kenya",2007,"25",15,2100,20,2.5e+07,1250000,83333.3333333333,"C2",51393010,0.00162149158676118,"Capacity Spectrum"
"455","KGZ","Kyrgyzstan",2015,"3.47",10,800,20,3470000,173500,17350,"C2",6322800,0.00274403745176188,"Coverage Spectrum"
"456","KGZ","Kyrgyzstan",2015,"3.47",10,800,20,3470000,173500,17350,"C2",6322800,0.00274403745176188,"Coverage Spectrum"
"457","KGZ","Kyrgyzstan",2015,"3.47",10,800,20,3470000,173500,17350,"C2",6322800,0.00274403745176188,"Coverage Spectrum"
"458","KGZ","Kyrgyzstan",2017,"6.2",10,1800,20,6200000,310000,31000,"C2",6322800,0.00490289112418549,"Capacity Spectrum"
"478","LKA","Sri Lanka",2006,"5",10,2100,20,5e+06,250000,25000,"C3",21670000,0.00115366866635902,"Capacity Spectrum"
"479","LKA","Sri Lanka",2006,"5",10,2100,20,5e+06,250000,25000,"C3",21670000,0.00115366866635902,"Capacity Spectrum"
"480","LKA","Sri Lanka",2006,"5",10,2100,30,5e+06,166666.666666667,16666.6666666667,"C3",21670000,0.000769112444239348,"Capacity Spectrum"
"481","LKA","Sri Lanka",2006,"5",10,2100,20,5e+06,250000,25000,"C3",21670000,0.00115366866635902,"Capacity Spectrum"
"482","LKA","Sri Lanka",2007,"4",10,2100,20,4e+06,2e+05,20000,"C3",21670000,0.000922934933087217,"Capacity Spectrum"
"483","LKA","Sri Lanka",2013,"22.7",10,1800,20,22700000,1135000,113500,"C3",21670000,0.00523765574526996,"Capacity Spectrum"
"495","MAR","Morocco",2015,"33.31",20,1800,20,33310000,1665500,83275,"C4",36029138,0.00231132368473539,"Capacity Spectrum"
"496","MAR","Morocco",2006,"41.2",25,2100,30,41200000,1373333.33333333,54933.3333333333,"C4",36029138,0.00152469185727767,"Capacity Spectrum"
"497","MAR","Morocco",2006,"41.2",25,2100,30,41200000,1373333.33333333,54933.3333333333,"C4",36029138,0.00152469185727767,"Capacity Spectrum"
"498","MAR","Morocco",2015,"33.31",20,800,10,33310000,3331000,166550,"C4",36029138,0.00462264736947079,"Coverage Spectrum"
"499","MAR","Morocco",2015,"17.44",20,800,10,17440000,1744000,87200,"C4",36029138,0.00242026328800872,"Coverage Spectrum"
"500","MAR","Morocco",2015,"33.31",20,2600,40,33310000,832750,41637.5,"C4",36029138,0.0011556618423677,"Capacity Spectrum"
"501","MAR","Morocco",2015,"17.44",20,1800,20,17440000,872000,43600,"C4",36029138,0.00121013164400436,"Capacity Spectrum"
"502","MAR","Morocco",2006,"41.2",25,2100,30,41200000,1373333.33333333,54933.3333333333,"C4",36029138,0.00152469185727767,"Capacity Spectrum"
"503","MAR","Morocco",2015,"17.44",20,2600,40,17440000,436000,21800,"C4",36029138,0.000605065822002181,"Capacity Spectrum"
"504","MDA","Moldova (the Republic of)",2012,"12.3",15,2600,40,12300000,307500,20500,"C4",2706049,0.00757562039711772,"Capacity Spectrum"
"505","MDA","Moldova (the Republic of)",2012,"12.3",15,2600,40,12300000,307500,20500,"C4",2706049,0.00757562039711772,"Capacity Spectrum"
"506","MDA","Moldova (the Republic of)",2014,"5.18",15,900,10,5180000,518000,34533.3333333333,"C4",2706049,0.0127615328966081,"Coverage Spectrum"
"507","MDA","Moldova (the Republic of)",2015,"6.5",14,900,10,6500000,650000,46428.5714285714,"C4",2706049,0.0171573284255279,"Coverage Spectrum"
"508","MDA","Moldova (the Republic of)",2015,"6.5",14,800,20,6500000,325000,23214.2857142857,"C4",2706049,0.00857866421276396,"Coverage Spectrum"
"509","MDA","Moldova (the Republic of)",2014,"9.72",15,1800,50,9720000,194400,12960,"C4",2706049,0.00478927026081198,"Capacity Spectrum"
"510","MEX","Mexico",2010,"3.76",20,1900,10,3760000,376000,18800,"C6",126190788,0.000148980763952437,"Capacity Spectrum"
"511","MEX","Mexico",2017,"4.7",20,1900,30,4700000,156666.666666667,7833.33333333333,"C6",126190788,6.20753183135153e-05,"Capacity Spectrum"
"512","MEX","Mexico",2018,"34.2",20,2500,40,34200000,855000,42750,"C6",126190788,0.000338772747817376,"Capacity Spectrum"
"513","MEX","Mexico",2016,"687.1",15,1700,50,687100000,13742000,916133.333333333,"C6",126190788,0.00725990658948364,"Capacity Spectrum"
"514","MEX","Mexico",2010,"2.99",20,1900,10,2990000,299000,14950,"C6",126190788,0.000118471405377071,"Capacity Spectrum"
"515","MEX","Mexico",2010,"14",20,1700,30,1.4e+07,466666.666666667,23333.3333333333,"C6",126190788,0.000184905203487067,"Capacity Spectrum"
"516","MMR","Myanmar",2017,"80",12,1800,20,8e+07,4e+06,333333.333333333,"C1",53708395,0.00620635439456594,"Capacity Spectrum"
"517","MMR","Myanmar",2017,"80",12,1800,20,8e+07,4e+06,333333.333333333,"C1",53708395,0.00620635439456594,"Capacity Spectrum"
"518","MMR","Myanmar",2017,"80",12,1800,20,8e+07,4e+06,333333.333333333,"C1",53708395,0.00620635439456594,"Capacity Spectrum"
"519","MMR","Myanmar",2017,"80",12,1800,20,8e+07,4e+06,333333.333333333,"C1",53708395,0.00620635439456594,"Capacity Spectrum"
"520","MMR","Myanmar",2017,"80",12,1800,20,8e+07,4e+06,333333.333333333,"C1",53708395,0.00620635439456594,"Capacity Spectrum"
"521","MMR","Myanmar",2015,"75",14,2100,10,7.5e+07,7500000,535714.285714286,"C1",53708395,0.00997449813412383,"Capacity Spectrum"
"522","MNE","Montenegro",2007,"2.9",15,2100,30,2900000,96666.6666666667,6444.44444444444,"C6",622227,0.0103570633296923,"Capacity Spectrum"
"523","MNE","Montenegro",2007,"5.8",15,2100,30,5800000,193333.333333333,12888.8888888889,"C6",622227,0.0207141266593846,"Capacity Spectrum"
"524","MYS","Malaysia",2018,"30",16,2100,30,3e+07,1e+06,62500,"C6",31528585,0.00198232810004001,"Capacity Spectrum"
"525","MYS","Malaysia",2018,"30",16,2100,30,3e+07,1e+06,62500,"C6",31528585,0.00198232810004001,"Capacity Spectrum"
"526","MYS","Malaysia",2017,"246",15,900,20,2.46e+08,12300000,820000,"C6",31528585,0.0260081446725249,"Coverage Spectrum"
"527","MYS","Malaysia",2012,"3.2",5,2600,20,3200000,160000,32000,"C6",31528585,0.00101495198722049,"Capacity Spectrum"
"528","MYS","Malaysia",2012,"3.2",5,2600,20,3200000,160000,32000,"C6",31528585,0.00101495198722049,"Capacity Spectrum"
"529","MYS","Malaysia",2012,"3.2",5,2600,20,3200000,160000,32000,"C6",31528585,0.00101495198722049,"Capacity Spectrum"
"530","MYS","Malaysia",2006,"13.5",15,2100,30,13500000,450000,30000,"C6",31528585,0.000951517488019205,"Capacity Spectrum"
"531","MYS","Malaysia",2017,"215",15,1800,40,2.15e+08,5375000,358333.333333333,"C6",31528585,0.0113653477735627,"Capacity Spectrum"
"532","MYS","Malaysia",2017,"123",15,900,10,1.23e+08,12300000,820000,"C6",31528585,0.0260081446725249,"Coverage Spectrum"
"533","MYS","Malaysia",2017,"215",15,1800,40,2.15e+08,5375000,358333.333333333,"C6",31528585,0.0113653477735627,"Capacity Spectrum"
"534","MYS","Malaysia",2012,"6.4",5,2600,40,6400000,160000,32000,"C6",31528585,0.00101495198722049,"Capacity Spectrum"
"535","MYS","Malaysia",2006,"13.5",15,2100,30,13500000,450000,30000,"C6",31528585,0.000951517488019205,"Capacity Spectrum"
"536","MYS","Malaysia",2012,"3.2",5,2600,20,3200000,160000,32000,"C6",31528585,0.00101495198722049,"Capacity Spectrum"
"537","MYS","Malaysia",2017,"215",15,1800,40,2.15e+08,5375000,358333.333333333,"C6",31528585,0.0113653477735627,"Capacity Spectrum"
"538","MYS","Malaysia",2017,"123",15,900,10,1.23e+08,12300000,820000,"C6",31528585,0.0260081446725249,"Coverage Spectrum"
"539","MYS","Malaysia",2012,"3.2",5,2600,20,3200000,160000,32000,"C6",31528585,0.00101495198722049,"Capacity Spectrum"
"540","MYS","Malaysia",2017,"161",15,1800,30,1.61e+08,5366666.66666667,357777.777777778,"C6",31528585,0.0113477270793402,"Capacity Spectrum"
"541","MYS","Malaysia",2012,"3.2",5,2600,20,3200000,160000,32000,"C6",31528585,0.00101495198722049,"Capacity Spectrum"
"542","MYS","Malaysia",2017,"246",15,900,20,2.46e+08,12300000,820000,"C6",31528585,0.0260081446725249,"Coverage Spectrum"
"543","MYS","Malaysia",2012,"3.2",5,2600,20,3200000,160000,32000,"C6",31528585,0.00101495198722049,"Capacity Spectrum"
"544","MYS","Malaysia",2018,"30",16,2100,30,3e+07,1e+06,62500,"C6",31528585,0.00198232810004001,"Capacity Spectrum"
"545","NGA","Nigeria",2007,"150",15,2100,20,1.5e+08,7500000,5e+05,"C3",195874740,0.00255265176101829,"Capacity Spectrum"
"546","NGA","Nigeria",2007,"150",15,2100,20,1.5e+08,7500000,5e+05,"C3",195874740,0.00255265176101829,"Capacity Spectrum"
"547","NGA","Nigeria",2009,"2.2",10,800,20,2200000,110000,11000,"C3",195874740,5.61583387424024e-05,"Coverage Spectrum"
"548","NGA","Nigeria",2016,"96",10,2600,60,9.6e+07,1600000,160000,"C3",195874740,0.000816848563525853,"Capacity Spectrum"
"549","NGA","Nigeria",2007,"150",15,2100,20,1.5e+08,7500000,5e+05,"C3",195874740,0.00255265176101829,"Capacity Spectrum"
"550","NGA","Nigeria",2007,"200",15,900,10,2e+08,2e+07,1333333.33333333,"C3",195874740,0.00680707136271544,"Coverage Spectrum"
"551","NGA","Nigeria",2007,"200",15,1800,30,2e+08,6666666.66666667,444444.444444444,"C3",195874740,0.00226902378757181,"Capacity Spectrum"
"552","NGA","Nigeria",2007,"150",15,2100,20,1.5e+08,7500000,5e+05,"C3",195874740,0.00255265176101829,"Capacity Spectrum"
"574","PAK","Pakistan",2014,"306.92",15,2100,20,306920000,15346000,1023066.66666667,"C3",212215030,0.0048208963647234,"Capacity Spectrum"
"575","PAK","Pakistan",2014,"147.5",15,2100,10,147500000,14750000,983333.333333333,"C3",212215030,0.00463366488854881,"Capacity Spectrum"
"576","PAK","Pakistan",2017,"295",15,1800,20,2.95e+08,14750000,983333.333333333,"C3",212215030,0.00463366488854881,"Capacity Spectrum"
"577","PAK","Pakistan",2014,"210",15,1800,20,2.1e+08,10500000,7e+05,"C3",212215030,0.00329854110710255,"Capacity Spectrum"
"578","PAK","Pakistan",2014,"300.9",15,2100,20,300900000,15045000,1003000,"C3",212215030,0.00472633818631979,"Capacity Spectrum"
"579","PAK","Pakistan",2016,"395",15,850,20,3.95e+08,19750000,1316666.66666667,"C3",212215030,0.00620439874907384,"Coverage Spectrum"
"580","PAK","Pakistan",2014,"147.5",15,2100,10,147500000,14750000,983333.333333333,"C3",212215030,0.00463366488854881,"Capacity Spectrum"
"589","PER","Peru",2016,"306",20,700,30,3.06e+08,10200000,510000,"C5",31989256,0.0159428528128319,"Coverage Spectrum"
"590","PER","Peru",2016,"290.21",20,700,30,290210000,9673666.66666667,483683.333333333,"C5",31989256,0.0151201807673593,"Coverage Spectrum"
"591","PER","Peru",2013,"105.51",20,1700,40,105510000,2637750,131887.5,"C5",31989256,0.0041228686281419,"Capacity Spectrum"
"592","PER","Peru",2016,"315",20,700,30,3.15e+08,10500000,525000,"C5",31989256,0.0164117602485034,"Coverage Spectrum"
"593","PER","Peru",2013,"152.23",20,1700,40,152230000,3805750,190287.5,"C5",31989256,0.00594848157768971,"Capacity Spectrum"
"617","PRY","Paraguay",2018,"36.325",5,700,30,36325000,1210833.33333333,242166.666666667,"C5",6956071,0.0348137140444177,"Coverage Spectrum"
"618","PRY","Paraguay",2016,"45",5,1700,30,4.5e+07,1500000,3e+05,"C5",6956071,0.0431277944115292,"Capacity Spectrum"
"619","PRY","Paraguay",2018,"24.215",5,700,20,24215000,1210750,242150,"C5",6956071,0.0348113180558393,"Coverage Spectrum"
"620","PRY","Paraguay",2018,"24",5,700,20,2.4e+07,1200000,240000,"C5",6956071,0.0345022355292233,"Coverage Spectrum"
"621","PRY","Paraguay",2016,"45",5,1700,30,4.5e+07,1500000,3e+05,"C5",6956071,0.0431277944115292,"Capacity Spectrum"
"622","ROU","Romania",2015,"1.9",10,3500,40,1900000,47500,4750,"C6",19466145,0.00024401338837248,"Capacity Spectrum"
"623","ROU","Romania",2006,"35",15,2100,30,3.5e+07,1166666.66666667,77777.7777777778,"C6",19466145,0.00399554086223943,"Capacity Spectrum"
"624","ROU","Romania",2012,"51.7",15,900,10,51700000,5170000,344666.666666667,"C6",19466145,0.0177059539352382,"Coverage Spectrum"
"625","ROU","Romania",2015,"4.3",10,3500,50,4300000,86000,8600,"C6",19466145,0.000441792661053331,"Capacity Spectrum"
"634","SEN","Senegal",2016,"27.4",17,800,20,27400000,1370000,80588.2352941177,"C2",15854360,0.0050830330138913,"Coverage Spectrum"
"635","SEN","Senegal",2016,"27.4",17,1800,20,27400000,1370000,80588.2352941177,"C2",15854360,0.0050830330138913,"Capacity Spectrum"
"637","SRB","Serbia",2015,"7.95",10,1800,20,7950000,397500,39750,"C4",6982604,0.00569271864765638,"Capacity Spectrum"
"638","SRB","Serbia",2015,"7.95",10,1800,20,7950000,397500,39750,"C4",6982604,0.00569271864765638,"Capacity Spectrum"
"639","SRB","Serbia",2015,"7.95",10,1800,20,7950000,397500,39750,"C4",6982604,0.00569271864765638,"Capacity Spectrum"
"640","SRB","Serbia",2015,"37.3",10,800,20,37300000,1865000,186500,"C4",6982604,0.0267092334034695,"Coverage Spectrum"
"641","SRB","Serbia",2015,"37.25",10,800,20,37250000,1862500,186250,"C4",6982604,0.0266734301415346,"Coverage Spectrum"
"642","SRB","Serbia",2015,"37.25",10,800,20,37250000,1862500,186250,"C4",6982604,0.0266734301415346,"Coverage Spectrum"
"659","THA","Thailand",2018,"383.3",15,1800,10,383300000,38330000,2555333.33333333,"C4",69428524,0.0368052377627002,"Capacity Spectrum"
"660","THA","Thailand",2019,"556",15,700,20,5.56e+08,27800000,1853333.33333333,"C4",69428524,0.0266941197444055,"Coverage Spectrum"
"661","THA","Thailand",2019,"556",15,700,20,5.56e+08,27800000,1853333.33333333,"C4",69428524,0.0266941197444055,"Coverage Spectrum"
"663","THA","Thailand",2018,"1140",15,900,10,1.14e+09,1.14e+08,7600000,"C4",69428524,0.109465095354757,"Coverage Spectrum"
"664","THA","Thailand",2019,"556",15,700,20,5.56e+08,27800000,1853333.33333333,"C4",69428524,0.0266941197444055,"Coverage Spectrum"
"665","THA","Thailand",2020,"1080",15,700,20,1.08e+09,5.4e+07,3600000,"C4",69428524,0.0518518872733057,"Coverage Spectrum"
"666","THA","Thailand",2020,"540",15,700,10,5.4e+08,5.4e+07,3600000,"C4",69428524,0.0518518872733057,"Coverage Spectrum"
"668","THA","Thailand",2016,"2400",15,900,20,2.4e+09,1.2e+08,8e+06,"C4",69428524,0.115226416162902,"Coverage Spectrum"
"669","THA","Thailand",2015,"2397",15,900,20,2.397e+09,119850000,7990000,"C4",69428524,0.115082383142698,"Coverage Spectrum"
"670","THA","Thailand",2012,"476",15,2100,30,4.76e+08,15866666.6666667,1057777.77777778,"C4",69428524,0.0152354928037614,"Capacity Spectrum"
"671","THA","Thailand",2018,"383.3",15,1800,10,383300000,38330000,2555333.33333333,"C4",69428524,0.0368052377627002,"Capacity Spectrum"
"672","THA","Thailand",2012,"440",15,2100,30,4.4e+08,14666666.6666667,977777.777777778,"C4",69428524,0.0140832286421324,"Capacity Spectrum"
"673","THA","Thailand",2012,"440",15,2100,30,4.4e+08,14666666.6666667,977777.777777778,"C4",69428524,0.0140832286421324,"Capacity Spectrum"
"674","THA","Thailand",2015,"1108",18,1800,30,1.108e+09,36933333.3333333,2051851.85185185,"C4",69428524,0.0295534419232627,"Capacity Spectrum"
"675","THA","Thailand",2015,"2101",15,900,20,2.101e+09,105050000,7003333.33333333,"C4",69428524,0.100871125149273,"Coverage Spectrum"
"676","THA","Thailand",2015,"1141",18,1800,30,1.141e+09,38033333.3333333,2112962.96296296,"C4",69428524,0.030433643713396,"Capacity Spectrum"
"677","TUN","Tunisia",2009,"102.8",15,2100,40,102800000,2570000,171333.333333333,"C4",11565204,0.0148145534945457,"Capacity Spectrum"
"678","TUN","Tunisia",2010,"80",15,2100,30,8e+07,2666666.66666667,177777.777777778,"C4",11565204,0.0153717805390876,"Capacity Spectrum"
"679","TUN","Tunisia",2009,"102.8",15,900,20,102800000,5140000,342666.666666667,"C4",11565204,0.0296291069890913,"Coverage Spectrum"
"680","TUN","Tunisia",2012,"131.52",15,2100,30,131520000,4384000,292266.666666667,"C4",11565204,0.02527120720626,"Capacity Spectrum"
"681","TUR","Turkey",2008,"516",20,2100,40,5.16e+08,12900000,645000,"C6",82319724,0.00783530323789715,"Capacity Spectrum"
"682","TUR","Turkey",2008,"308",20,2100,30,3.08e+08,10266666.6666667,513333.333333333,"C6",82319724,0.00623584857176311,"Capacity Spectrum"
"683","TUR","Turkey",2015,"429",14,2600,50,4.29e+08,8580000,612857.142857143,"C6",82319724,0.00744483962139065,"Capacity Spectrum"
"684","TUR","Turkey",2015,"436",14,800,20,4.36e+08,21800000,1557142.85714286,"C6",82319724,0.0189157929774261,"Coverage Spectrum"
"685","TUR","Turkey",2015,"210",14,2100,10,2.1e+08,2.1e+07,1500000,"C6",82319724,0.0182216354369701,"Capacity Spectrum"
"686","TUR","Turkey",2015,"268",14,2600,30,2.68e+08,8933333.33333333,638095.238095238,"C6",82319724,0.00775142586842539,"Capacity Spectrum"
"687","TUR","Turkey",2015,"106",14,1800,20,1.06e+08,5300000,378571.428571429,"C6",82319724,0.00459879370552103,"Capacity Spectrum"
"688","TUR","Turkey",2015,"417",14,800,20,4.17e+08,20850000,1489285.71428571,"C6",82319724,0.0180914808981346,"Coverage Spectrum"
"689","TUR","Turkey",2015,"425",14,800,20,4.25e+08,21250000,1517857.14285714,"C6",82319724,0.0184385596683626,"Coverage Spectrum"
"690","TUR","Turkey",2015,"347",14,1800,40,3.47e+08,8675000,619642.857142857,"C6",82319724,0.0075272708293198,"Capacity Spectrum"
"691","TUR","Turkey",2015,"29",14,2600,40,2.9e+07,725000,51785.7142857143,"C6",82319724,0.000629080271038254,"Capacity Spectrum"
"692","TUR","Turkey",2015,"179",14,2100,10,1.79e+08,17900000,1278571.42857143,"C6",82319724,0.0155317749677031,"Capacity Spectrum"
"693","TZA","Tanzania",2019,"12",15,800,20,1.2e+07,6e+05,40000,"C1",56318348,0.000710248105999132,"Coverage Spectrum"
"694","TZA","Tanzania",2018,"10",15,700,20,1e+07,5e+05,33333.3333333333,"C1",56318348,0.000591873421665943,"Coverage Spectrum"
"695","TZA","Tanzania",2018,"10",15,700,20,1e+07,5e+05,33333.3333333333,"C1",56318348,0.000591873421665943,"Coverage Spectrum"
"696","UKR","Ukraine",2018,"32.5",15,2600,30,32500000,1083333.33333333,72222.2222222222,"C2",44622516,0.00161851524065165,"Capacity Spectrum"
"697","UKR","Ukraine",2018,"22.4",15,2600,20,22400000,1120000,74666.6666666667,"C2",44622516,0.00167329575648909,"Capacity Spectrum"
"698","UKR","Ukraine",2018,"30",15,1800,30,3e+07,1e+06,66666.6666666667,"C2",44622516,0.00149401406829383,"Capacity Spectrum"
"699","UKR","Ukraine",2015,"93",15,2100,30,9.3e+07,3100000,206666.666666667,"C2",44622516,0.00463144361171088,"Capacity Spectrum"
"700","UKR","Ukraine",2015,"94",15,2100,30,9.4e+07,3133333.33333333,208888.888888889,"C2",44622516,0.00468124408065401,"Capacity Spectrum"
"701","UKR","Ukraine",2015,"116",15,2100,30,1.16e+08,3866666.66666667,257777.777777778,"C2",44622516,0.00577685439740282,"Capacity Spectrum"
